id,target
0,Airplane
1,Bird
2,Bird
3,Airplane
4,Airplane
5,Airplane
6,Airplane
7,Bird
8,Airplane
9,Airplane
10,Airplane
11,Bird
12,Bird
13,Bird
14,Airplane
15,Bird
16,Airplane
17,Airplane
18,Bird
19,Airplane
20,Bird
21,Airplane
22,Bird
23,Bird
24,Airplane
25,Bird
26,Airplane
27,Airplane
28,Airplane
29,Bird
30,Airplane
31,Bird
32,Airplane
33,Airplane
34,Bird
35,Bird
36,Airplane
37,Bird
38,Bird
39,Airplane
40,Airplane
41,Bird
42,Bird
43,Airplane
44,Airplane
45,Bird
46,Bird
47,Bird
48,Bird
49,Bird
50,Airplane
51,Airplane
52,Airplane
53,Bird
54,Airplane
55,Airplane
56,Airplane
57,Airplane
58,Airplane
59,Airplane
60,Bird
61,Airplane
62,Bird
63,Bird
64,Airplane
65,Bird
66,Bird
67,Bird
68,Bird
69,Bird
70,Bird
71,Bird
72,Airplane
73,Bird
74,Airplane
75,Airplane
76,Airplane
77,Airplane
78,Bird
79,Bird
80,Bird
81,Airplane
82,Airplane
83,Bird
84,Bird
85,Airplane
86,Bird
87,Airplane
88,Airplane
89,Bird
90,Bird
91,Airplane
92,Bird
93,Airplane
94,Airplane
95,Airplane
96,Airplane
97,Airplane
98,Airplane
99,Bird
100,Bird
101,Bird
102,Airplane
103,Airplane
104,Airplane
105,Airplane
106,Bird
107,Airplane
108,Bird
109,Bird
110,Bird
111,Bird
112,Airplane
113,Bird
114,Bird
115,Airplane
116,Bird
117,Airplane
118,Airplane
119,Airplane
120,Bird
121,Airplane
122,Airplane
123,Airplane
124,Airplane
125,Airplane
126,Airplane
127,Airplane
128,Airplane
129,Bird
130,Airplane
131,Bird
132,Bird
133,Bird
134,Airplane
135,Airplane
136,Bird
137,Bird
138,Airplane
139,Airplane
140,Bird
141,Bird
142,Bird
143,Bird
144,Airplane
145,Bird
146,Airplane
147,Bird
148,Airplane
149,Airplane
150,Airplane
151,Bird
152,Bird
153,Airplane
154,Bird
155,Airplane
156,Airplane
157,Airplane
158,Bird
159,Bird
160,Bird
161,Airplane
162,Airplane
163,Airplane
164,Airplane
165,Airplane
166,Airplane
167,Bird
168,Bird
169,Airplane
170,Bird
171,Bird
172,Airplane
173,Bird
174,Airplane
175,Airplane
176,Bird
177,Bird
178,Bird
179,Airplane
180,Bird
181,Bird
182,Bird
183,Bird
184,Bird
185,Airplane
186,Airplane
187,Bird
188,Airplane
189,Bird
190,Airplane
191,Airplane
192,Bird
193,Bird
194,Airplane
195,Bird
196,Airplane
197,Bird
198,Airplane
199,Bird
200,Bird
201,Bird
202,Bird
203,Bird
204,Airplane
205,Airplane
206,Airplane
207,Bird
208,Airplane
209,Bird
210,Bird
211,Bird
212,Airplane
213,Bird
214,Airplane
215,Bird
216,Airplane
217,Bird
218,Airplane
219,Airplane
220,Bird
221,Bird
222,Bird
223,Airplane
224,Bird
225,Airplane
226,Bird
227,Bird
228,Airplane
229,Airplane
230,Bird
231,Airplane
232,Bird
233,Bird
234,Airplane
235,Bird
236,Airplane
237,Bird
238,Bird
239,Airplane
240,Bird
241,Bird
242,Bird
243,Bird
244,Airplane
245,Airplane
246,Airplane
247,Airplane
248,Bird
249,Airplane
250,Airplane
251,Airplane
252,Airplane
253,Airplane
254,Bird
255,Bird
256,Airplane
257,Airplane
258,Bird
259,Airplane
260,Airplane
261,Airplane
262,Airplane
263,Airplane
264,Airplane
265,Bird
266,Airplane
267,Airplane
268,Airplane
269,Bird
270,Airplane
271,Bird
272,Bird
273,Bird
274,Airplane
275,Airplane
276,Airplane
277,Bird
278,Bird
279,Bird
280,Bird
281,Airplane
282,Bird
283,Bird
284,Bird
285,Bird
286,Airplane
287,Bird
288,Bird
289,Bird
290,Bird
291,Bird
292,Bird
293,Bird
294,Airplane
295,Airplane
296,Bird
297,Airplane
298,Airplane
299,Bird
300,Airplane
301,Airplane
302,Bird
303,Bird
304,Airplane
305,Airplane
306,Airplane
307,Airplane
308,Bird
309,Bird
310,Airplane
311,Airplane
312,Airplane
313,Airplane
314,Airplane
315,Airplane
316,Bird
317,Bird
318,Bird
319,Airplane
320,Airplane
321,Airplane
322,Airplane
323,Bird
324,Airplane
325,Airplane
326,Bird
327,Airplane
328,Airplane
329,Airplane
330,Airplane
331,Bird
332,Bird
333,Bird
334,Bird
335,Bird
336,Bird
337,Bird
338,Airplane
339,Airplane
340,Airplane
341,Airplane
342,Airplane
343,Airplane
344,Bird
345,Bird
346,Bird
347,Bird
348,Airplane
349,Bird
350,Bird
351,Airplane
352,Airplane
353,Airplane
354,Airplane
355,Bird
356,Bird
357,Airplane
358,Bird
359,Airplane
360,Airplane
361,Airplane
362,Airplane
363,Airplane
364,Airplane
365,Bird
366,Bird
367,Airplane
368,Airplane
369,Airplane
370,Airplane
371,Airplane
372,Bird
373,Bird
374,Airplane
375,Bird
376,Bird
377,Bird
378,Airplane
379,Bird
380,Airplane
381,Airplane
382,Airplane
383,Airplane
384,Airplane
385,Airplane
386,Airplane
387,Bird
388,Bird
389,Airplane
390,Bird
391,Bird
392,Bird
393,Bird
394,Airplane
395,Airplane
396,Airplane
397,Airplane
398,Bird
399,Bird
400,Airplane
401,Bird
402,Bird
403,Airplane
404,Bird
405,Bird
406,Bird
407,Airplane
408,Bird
409,Bird
410,Bird
411,Airplane
412,Airplane
413,Bird
414,Bird
415,Bird
416,Bird
417,Airplane
418,Airplane
419,Airplane
420,Airplane
421,Bird
422,Bird
423,Airplane
424,Bird
425,Airplane
426,Bird
427,Bird
428,Bird
429,Airplane
430,Bird
431,Airplane
432,Airplane
433,Airplane
434,Airplane
435,Bird
436,Bird
437,Bird
438,Bird
439,Airplane
440,Airplane
441,Bird
442,Bird
443,Airplane
444,Bird
445,Airplane
446,Bird
447,Bird
448,Airplane
449,Airplane
450,Airplane
451,Airplane
452,Airplane
453,Airplane
454,Bird
455,Airplane
456,Airplane
457,Airplane
458,Airplane
459,Bird
460,Airplane
461,Airplane
462,Airplane
463,Airplane
464,Bird
465,Airplane
466,Bird
467,Bird
468,Bird
469,Bird
470,Bird
471,Airplane
472,Bird
473,Bird
474,Bird
475,Bird
476,Bird
477,Bird
478,Bird
479,Bird
480,Airplane
481,Airplane
482,Bird
483,Airplane
484,Bird
485,Airplane
486,Bird
487,Airplane
488,Bird
489,Bird
490,Bird
491,Bird
492,Airplane
493,Airplane
494,Bird
495,Bird
496,Airplane
497,Bird
498,Bird
499,Airplane
500,Bird
501,Bird
502,Bird
503,Airplane
504,Bird
505,Airplane
506,Airplane
507,Bird
508,Airplane
509,Bird
510,Airplane
511,Bird
512,Airplane
513,Airplane
514,Airplane
515,Airplane
516,Bird
517,Bird
518,Bird
519,Airplane
520,Bird
521,Bird
522,Bird
523,Airplane
524,Airplane
525,Bird
526,Bird
527,Airplane
528,Bird
529,Airplane
530,Airplane
531,Airplane
532,Airplane
533,Bird
534,Bird
535,Airplane
536,Airplane
537,Bird
538,Airplane
539,Bird
540,Bird
541,Bird
542,Airplane
543,Bird
544,Bird
545,Airplane
546,Bird
547,Airplane
548,Airplane
549,Airplane
550,Airplane
551,Bird
552,Bird
553,Airplane
554,Airplane
555,Airplane
556,Airplane
557,Bird
558,Bird
559,Bird
560,Airplane
561,Airplane
562,Airplane
563,Airplane
564,Airplane
565,Airplane
566,Airplane
567,Bird
568,Airplane
569,Bird
570,Airplane
571,Bird
572,Bird
573,Airplane
574,Bird
575,Airplane
576,Airplane
577,Airplane
578,Airplane
579,Bird
580,Airplane
581,Bird
582,Bird
583,Airplane
584,Airplane
585,Bird
586,Airplane
587,Bird
588,Bird
589,Airplane
590,Airplane
591,Bird
592,Airplane
593,Airplane
594,Airplane
595,Airplane
596,Bird
597,Airplane
598,Airplane
599,Bird
600,Airplane
601,Airplane
602,Bird
603,Bird
604,Airplane
605,Airplane
606,Airplane
607,Bird
608,Airplane
609,Bird
610,Bird
611,Airplane
612,Bird
613,Bird
614,Airplane
615,Airplane
616,Airplane
617,Bird
618,Bird
619,Airplane
620,Bird
621,Bird
622,Bird
623,Bird
624,Airplane
625,Bird
626,Airplane
627,Bird
628,Bird
629,Airplane
630,Airplane
631,Airplane
632,Bird
633,Airplane
634,Airplane
635,Airplane
636,Bird
637,Airplane
638,Airplane
639,Airplane
640,Bird
641,Bird
642,Airplane
643,Bird
644,Bird
645,Airplane
646,Airplane
647,Bird
648,Airplane
649,Airplane
650,Bird
651,Bird
652,Airplane
653,Airplane
654,Bird
655,Bird
656,Bird
657,Bird
658,Bird
659,Airplane
660,Bird
661,Bird
662,Bird
663,Airplane
664,Airplane
665,Airplane
666,Bird
667,Bird
668,Bird
669,Bird
670,Airplane
671,Bird
672,Bird
673,Airplane
674,Bird
675,Bird
676,Bird
677,Airplane
678,Bird
679,Bird
680,Bird
681,Airplane
682,Airplane
683,Bird
684,Bird
685,Airplane
686,Airplane
687,Bird
688,Airplane
689,Bird
690,Airplane
691,Bird
692,Airplane
693,Airplane
694,Bird
695,Airplane
696,Airplane
697,Bird
698,Airplane
699,Airplane
700,Airplane
701,Bird
702,Bird
703,Bird
704,Bird
705,Bird
706,Airplane
707,Bird
708,Bird
709,Bird
710,Bird
711,Bird
712,Bird
713,Bird
714,Bird
715,Airplane
716,Airplane
717,Airplane
718,Airplane
719,Airplane
720,Bird
721,Airplane
722,Airplane
723,Bird
724,Airplane
725,Airplane
726,Airplane
727,Airplane
728,Airplane
729,Bird
730,Bird
731,Airplane
732,Airplane
733,Airplane
734,Airplane
735,Airplane
736,Bird
737,Bird
738,Bird
739,Airplane
740,Bird
741,Airplane
742,Bird
743,Airplane
744,Bird
745,Airplane
746,Airplane
747,Bird
748,Airplane
749,Bird
750,Airplane
751,Bird
752,Bird
753,Bird
754,Airplane
755,Airplane
756,Airplane
757,Airplane
758,Bird
759,Bird
760,Airplane
761,Bird
762,Bird
763,Bird
764,Airplane
765,Bird
766,Airplane
767,Bird
768,Bird
769,Airplane
770,Bird
771,Bird
772,Airplane
773,Bird
774,Airplane
775,Airplane
776,Airplane
777,Bird
778,Airplane
779,Bird
780,Bird
781,Airplane
782,Bird
783,Bird
784,Airplane
785,Airplane
786,Airplane
787,Bird
788,Bird
789,Bird
790,Airplane
791,Bird
792,Airplane
793,Airplane
794,Airplane
795,Bird
796,Bird
797,Airplane
798,Airplane
799,Bird
800,Bird
801,Airplane
802,Airplane
803,Bird
804,Bird
805,Airplane
806,Airplane
807,Bird
808,Bird
809,Airplane
810,Airplane
811,Bird
812,Bird
813,Airplane
814,Bird
815,Airplane
816,Airplane
817,Bird
818,Bird
819,Bird
820,Airplane
821,Airplane
822,Bird
823,Airplane
824,Airplane
825,Bird
826,Airplane
827,Bird
828,Airplane
829,Bird
830,Bird
831,Bird
832,Airplane
833,Airplane
834,Airplane
835,Bird
836,Airplane
837,Bird
838,Airplane
839,Bird
840,Bird
841,Airplane
842,Airplane
843,Airplane
844,Airplane
845,Bird
846,Bird
847,Bird
848,Airplane
849,Airplane
850,Bird
851,Bird
852,Airplane
853,Bird
854,Airplane
855,Airplane
856,Airplane
857,Bird
858,Bird
859,Airplane
860,Airplane
861,Bird
862,Bird
863,Bird
864,Airplane
865,Airplane
866,Bird
867,Airplane
868,Bird
869,Bird
870,Airplane
871,Airplane
872,Airplane
873,Bird
874,Bird
875,Airplane
876,Bird
877,Airplane
878,Airplane
879,Airplane
880,Bird
881,Airplane
882,Bird
883,Airplane
884,Airplane
885,Airplane
886,Airplane
887,Bird
888,Airplane
889,Bird
890,Airplane
891,Airplane
892,Airplane
893,Bird
894,Airplane
895,Airplane
896,Bird
897,Airplane
898,Airplane
899,Bird
900,Airplane
901,Bird
902,Bird
903,Bird
904,Bird
905,Airplane
906,Bird
907,Bird
908,Bird
909,Airplane
910,Airplane
911,Airplane
912,Airplane
913,Bird
914,Airplane
915,Bird
916,Bird
917,Bird
918,Airplane
919,Bird
920,Bird
921,Bird
922,Airplane
923,Bird
924,Bird
925,Bird
926,Bird
927,Airplane
928,Airplane
929,Airplane
930,Bird
931,Bird
932,Airplane
933,Airplane
934,Airplane
935,Airplane
936,Airplane
937,Bird
938,Bird
939,Bird
940,Bird
941,Bird
942,Bird
943,Bird
944,Bird
945,Bird
946,Bird
947,Bird
948,Bird
949,Airplane
950,Airplane
951,Airplane
952,Airplane
953,Airplane
954,Airplane
955,Bird
956,Bird
957,Airplane
958,Bird
959,Bird
960,Airplane
961,Bird
962,Bird
963,Bird
964,Airplane
965,Airplane
966,Bird
967,Airplane
968,Bird
969,Bird
970,Airplane
971,Airplane
972,Airplane
973,Bird
974,Airplane
975,Airplane
976,Bird
977,Airplane
978,Airplane
979,Airplane
980,Bird
981,Bird
982,Bird
983,Bird
984,Airplane
985,Bird
986,Bird
987,Bird
988,Bird
989,Bird
990,Airplane
991,Bird
992,Airplane
993,Airplane
994,Airplane
995,Bird
996,Airplane
997,Bird
998,Bird
999,Airplane
1000,Airplane
1001,Bird
1002,Airplane
1003,Airplane
1004,Bird
1005,Airplane
1006,Airplane
1007,Bird
1008,Airplane
1009,Bird
1010,Airplane
1011,Airplane
1012,Bird
1013,Bird
1014,Bird
1015,Bird
1016,Airplane
1017,Bird
1018,Airplane
1019,Airplane
1020,Bird
1021,Bird
1022,Bird
1023,Airplane
1024,Airplane
1025,Airplane
1026,Bird
1027,Airplane
1028,Bird
1029,Bird
1030,Airplane
1031,Bird
1032,Bird
1033,Bird
1034,Bird
1035,Bird
1036,Airplane
1037,Airplane
1038,Bird
1039,Bird
1040,Airplane
1041,Bird
1042,Bird
1043,Airplane
1044,Bird
1045,Airplane
1046,Airplane
1047,Airplane
1048,Airplane
1049,Airplane
1050,Airplane
1051,Bird
1052,Airplane
1053,Airplane
1054,Bird
1055,Airplane
1056,Bird
1057,Airplane
1058,Airplane
1059,Bird
1060,Bird
1061,Bird
1062,Airplane
1063,Bird
1064,Airplane
1065,Bird
1066,Bird
1067,Bird
1068,Bird
1069,Airplane
1070,Airplane
1071,Bird
1072,Bird
1073,Airplane
1074,Bird
1075,Airplane
1076,Airplane
1077,Bird
1078,Bird
1079,Airplane
1080,Bird
1081,Bird
1082,Bird
1083,Airplane
1084,Airplane
1085,Bird
1086,Airplane
1087,Airplane
1088,Airplane
1089,Airplane
1090,Bird
1091,Bird
1092,Airplane
1093,Bird
1094,Airplane
1095,Airplane
1096,Airplane
1097,Airplane
1098,Airplane
1099,Bird
1100,Airplane
1101,Bird
1102,Bird
1103,Bird
1104,Bird
1105,Airplane
1106,Airplane
1107,Airplane
1108,Airplane
1109,Bird
1110,Bird
1111,Bird
1112,Bird
1113,Airplane
1114,Airplane
1115,Airplane
1116,Airplane
1117,Airplane
1118,Airplane
1119,Bird
1120,Bird
1121,Bird
1122,Airplane
1123,Airplane
1124,Bird
1125,Airplane
1126,Bird
1127,Airplane
1128,Bird
1129,Bird
1130,Airplane
1131,Bird
1132,Bird
1133,Airplane
1134,Bird
1135,Bird
1136,Airplane
1137,Bird
1138,Airplane
1139,Bird
1140,Bird
1141,Bird
1142,Bird
1143,Bird
1144,Airplane
1145,Airplane
1146,Airplane
1147,Airplane
1148,Airplane
1149,Bird
1150,Airplane
1151,Airplane
1152,Airplane
1153,Bird
1154,Airplane
1155,Airplane
1156,Airplane
1157,Bird
1158,Airplane
1159,Airplane
1160,Airplane
1161,Bird
1162,Bird
1163,Airplane
1164,Bird
1165,Bird
1166,Airplane
1167,Airplane
1168,Bird
1169,Airplane
1170,Bird
1171,Airplane
1172,Airplane
1173,Bird
1174,Airplane
1175,Airplane
1176,Airplane
1177,Airplane
1178,Airplane
1179,Bird
1180,Bird
1181,Airplane
1182,Bird
1183,Bird
1184,Bird
1185,Airplane
1186,Airplane
1187,Bird
1188,Airplane
1189,Airplane
1190,Airplane
1191,Bird
1192,Bird
1193,Airplane
1194,Bird
1195,Bird
1196,Airplane
1197,Bird
1198,Airplane
1199,Airplane
1200,Bird
1201,Airplane
1202,Airplane
1203,Bird
1204,Bird
1205,Airplane
1206,Airplane
1207,Bird
1208,Airplane
1209,Bird
1210,Airplane
1211,Airplane
1212,Airplane
1213,Bird
1214,Airplane
1215,Airplane
1216,Airplane
1217,Airplane
1218,Airplane
1219,Bird
1220,Airplane
1221,Airplane
1222,Airplane
1223,Bird
1224,Bird
1225,Airplane
1226,Airplane
1227,Bird
1228,Airplane
1229,Airplane
1230,Airplane
1231,Bird
1232,Airplane
1233,Bird
1234,Airplane
1235,Airplane
1236,Bird
1237,Airplane
1238,Bird
1239,Bird
1240,Airplane
1241,Airplane
1242,Airplane
1243,Bird
1244,Bird
1245,Airplane
1246,Bird
1247,Bird
1248,Airplane
1249,Airplane
1250,Bird
1251,Bird
1252,Airplane
1253,Bird
1254,Airplane
1255,Bird
1256,Bird
1257,Bird
1258,Bird
1259,Bird
1260,Bird
1261,Airplane
1262,Airplane
1263,Airplane
1264,Airplane
1265,Airplane
1266,Bird
1267,Airplane
1268,Airplane
1269,Bird
1270,Airplane
1271,Airplane
1272,Bird
1273,Airplane
1274,Bird
1275,Bird
1276,Airplane
1277,Airplane
1278,Airplane
1279,Airplane
1280,Bird
1281,Bird
1282,Airplane
1283,Airplane
1284,Bird
1285,Bird
1286,Airplane
1287,Bird
1288,Airplane
1289,Airplane
1290,Bird
1291,Airplane
1292,Airplane
1293,Bird
1294,Bird
1295,Bird
1296,Airplane
1297,Airplane
1298,Airplane
1299,Bird
1300,Airplane
1301,Bird
1302,Bird
1303,Airplane
1304,Airplane
1305,Bird
1306,Airplane
1307,Bird
1308,Bird
1309,Bird
1310,Airplane
1311,Airplane
1312,Bird
1313,Airplane
1314,Bird
1315,Airplane
1316,Airplane
1317,Bird
1318,Airplane
1319,Airplane
1320,Bird
1321,Bird
1322,Airplane
1323,Airplane
1324,Bird
1325,Bird
1326,Bird
1327,Airplane
1328,Airplane
1329,Airplane
1330,Airplane
1331,Airplane
1332,Airplane
1333,Airplane
1334,Airplane
1335,Airplane
1336,Bird
1337,Airplane
1338,Airplane
1339,Bird
1340,Airplane
1341,Bird
1342,Airplane
1343,Airplane
1344,Bird
1345,Bird
1346,Airplane
1347,Airplane
1348,Bird
1349,Airplane
1350,Airplane
1351,Bird
1352,Airplane
1353,Bird
1354,Airplane
1355,Airplane
1356,Bird
1357,Bird
1358,Airplane
1359,Bird
1360,Airplane
1361,Bird
1362,Bird
1363,Bird
1364,Airplane
1365,Airplane
1366,Airplane
1367,Bird
1368,Bird
1369,Bird
1370,Airplane
1371,Airplane
1372,Airplane
1373,Bird
1374,Airplane
1375,Airplane
1376,Airplane
1377,Airplane
1378,Bird
1379,Bird
1380,Airplane
1381,Bird
1382,Airplane
1383,Airplane
1384,Airplane
1385,Airplane
1386,Bird
1387,Bird
1388,Airplane
1389,Airplane
1390,Airplane
1391,Bird
1392,Airplane
1393,Airplane
1394,Airplane
1395,Airplane
1396,Bird
1397,Airplane
1398,Airplane
1399,Airplane
1400,Bird
1401,Airplane
1402,Bird
1403,Bird
1404,Bird
1405,Airplane
1406,Airplane
1407,Airplane
1408,Bird
1409,Bird
1410,Airplane
1411,Airplane
1412,Bird
1413,Bird
1414,Airplane
1415,Bird
1416,Airplane
1417,Bird
1418,Bird
1419,Bird
1420,Airplane
1421,Airplane
1422,Bird
1423,Airplane
1424,Bird
1425,Bird
1426,Bird
1427,Airplane
1428,Airplane
1429,Airplane
1430,Bird
1431,Airplane
1432,Airplane
1433,Airplane
1434,Airplane
1435,Airplane
1436,Bird
1437,Airplane
1438,Airplane
1439,Bird
1440,Bird
1441,Airplane
1442,Bird
1443,Airplane
1444,Bird
1445,Bird
1446,Airplane
1447,Bird
1448,Bird
1449,Airplane
1450,Airplane
1451,Airplane
1452,Airplane
1453,Bird
1454,Bird
1455,Airplane
1456,Airplane
1457,Airplane
1458,Bird
1459,Airplane
1460,Airplane
1461,Airplane
1462,Bird
1463,Airplane
1464,Bird
1465,Airplane
1466,Bird
1467,Airplane
1468,Bird
1469,Airplane
1470,Airplane
1471,Bird
1472,Airplane
1473,Bird
1474,Bird
1475,Bird
1476,Airplane
1477,Airplane
1478,Airplane
1479,Airplane
1480,Bird
1481,Airplane
1482,Airplane
1483,Bird
1484,Airplane
1485,Bird
1486,Bird
1487,Bird
1488,Bird
1489,Airplane
1490,Bird
1491,Airplane
1492,Bird
1493,Airplane
1494,Bird
1495,Airplane
1496,Airplane
1497,Airplane
1498,Airplane
1499,Bird
1500,Bird
1501,Airplane
1502,Airplane
1503,Airplane
1504,Bird
1505,Bird
1506,Bird
1507,Airplane
1508,Bird
1509,Airplane
1510,Bird
1511,Airplane
1512,Bird
1513,Bird
1514,Bird
1515,Airplane
1516,Airplane
1517,Airplane
1518,Bird
1519,Bird
1520,Airplane
1521,Airplane
1522,Airplane
1523,Bird
1524,Bird
1525,Airplane
1526,Bird
1527,Bird
1528,Bird
1529,Bird
1530,Bird
1531,Airplane
1532,Airplane
1533,Bird
1534,Airplane
1535,Airplane
1536,Airplane
1537,Bird
1538,Airplane
1539,Airplane
1540,Bird
1541,Airplane
1542,Airplane
1543,Bird
1544,Bird
1545,Bird
1546,Airplane
1547,Bird
1548,Airplane
1549,Bird
1550,Airplane
1551,Airplane
1552,Bird
1553,Bird
1554,Bird
1555,Bird
1556,Bird
1557,Airplane
1558,Bird
1559,Bird
1560,Bird
1561,Bird
1562,Bird
1563,Airplane
1564,Bird
1565,Airplane
1566,Airplane
1567,Airplane
1568,Airplane
1569,Bird
1570,Bird
1571,Bird
1572,Bird
1573,Airplane
1574,Airplane
1575,Bird
1576,Bird
1577,Bird
1578,Airplane
1579,Bird
1580,Bird
1581,Airplane
1582,Airplane
1583,Airplane
1584,Airplane
1585,Airplane
1586,Bird
1587,Airplane
1588,Bird
1589,Bird
1590,Airplane
1591,Bird
1592,Bird
1593,Airplane
1594,Airplane
1595,Bird
1596,Bird
1597,Airplane
1598,Airplane
1599,Airplane
1600,Bird
1601,Bird
1602,Airplane
1603,Bird
1604,Bird
1605,Airplane
1606,Bird
1607,Airplane
1608,Bird
1609,Airplane
1610,Airplane
1611,Airplane
1612,Airplane
1613,Bird
1614,Airplane
1615,Bird
1616,Airplane
1617,Bird
1618,Bird
1619,Bird
1620,Bird
1621,Airplane
1622,Bird
1623,Airplane
1624,Bird
1625,Airplane
1626,Airplane
1627,Airplane
1628,Airplane
1629,Airplane
1630,Airplane
1631,Airplane
1632,Airplane
1633,Airplane
1634,Airplane
1635,Airplane
1636,Bird
1637,Bird
1638,Airplane
1639,Airplane
1640,Bird
1641,Airplane
1642,Airplane
1643,Airplane
1644,Bird
1645,Airplane
1646,Airplane
1647,Airplane
1648,Bird
1649,Bird
1650,Airplane
1651,Airplane
1652,Airplane
1653,Airplane
1654,Airplane
1655,Bird
1656,Airplane
1657,Airplane
1658,Bird
1659,Bird
1660,Bird
1661,Bird
1662,Bird
1663,Bird
1664,Airplane
1665,Airplane
1666,Bird
1667,Bird
1668,Airplane
1669,Bird
1670,Bird
1671,Airplane
1672,Bird
1673,Airplane
1674,Airplane
1675,Bird
1676,Airplane
1677,Airplane
1678,Bird
1679,Bird
1680,Airplane
1681,Airplane
1682,Bird
1683,Bird
1684,Bird
1685,Airplane
1686,Bird
1687,Airplane
1688,Bird
1689,Airplane
1690,Bird
1691,Airplane
1692,Bird
1693,Airplane
1694,Bird
1695,Airplane
1696,Airplane
1697,Bird
1698,Airplane
1699,Airplane
1700,Airplane
1701,Airplane
1702,Airplane
1703,Airplane
1704,Bird
1705,Airplane
1706,Airplane
1707,Bird
1708,Bird
1709,Airplane
1710,Airplane
1711,Bird
1712,Airplane
1713,Airplane
1714,Airplane
1715,Airplane
1716,Airplane
1717,Bird
1718,Airplane
1719,Airplane
1720,Airplane
1721,Bird
1722,Bird
1723,Airplane
1724,Airplane
1725,Airplane
1726,Airplane
1727,Airplane
1728,Bird
1729,Airplane
1730,Airplane
1731,Airplane
1732,Bird
1733,Airplane
1734,Airplane
1735,Airplane
1736,Bird
1737,Airplane
1738,Airplane
1739,Bird
1740,Airplane
1741,Bird
1742,Bird
1743,Bird
1744,Airplane
1745,Airplane
1746,Bird
1747,Bird
1748,Bird
1749,Airplane
1750,Bird
1751,Bird
1752,Airplane
1753,Bird
1754,Airplane
1755,Airplane
1756,Bird
1757,Bird
1758,Airplane
1759,Bird
1760,Airplane
1761,Airplane
1762,Airplane
1763,Bird
1764,Bird
1765,Airplane
1766,Bird
1767,Airplane
1768,Airplane
1769,Bird
1770,Airplane
1771,Airplane
1772,Bird
1773,Bird
1774,Airplane
1775,Airplane
1776,Airplane
1777,Airplane
1778,Airplane
1779,Bird
1780,Airplane
1781,Airplane
1782,Bird
1783,Airplane
1784,Airplane
1785,Airplane
1786,Airplane
1787,Airplane
1788,Airplane
1789,Bird
1790,Bird
1791,Bird
1792,Bird
1793,Bird
1794,Bird
1795,Airplane
1796,Airplane
1797,Airplane
1798,Airplane
1799,Airplane
1800,Airplane
1801,Bird
1802,Airplane
1803,Bird
1804,Airplane
1805,Bird
1806,Bird
1807,Airplane
1808,Airplane
1809,Bird
1810,Bird
1811,Bird
1812,Bird
1813,Airplane
1814,Bird
1815,Airplane
1816,Airplane
1817,Bird
1818,Airplane
1819,Bird
1820,Airplane
1821,Bird
1822,Bird
1823,Airplane
1824,Bird
1825,Bird
1826,Airplane
1827,Airplane
1828,Bird
1829,Bird
1830,Airplane
1831,Airplane
1832,Bird
1833,Airplane
1834,Airplane
1835,Bird
1836,Bird
1837,Airplane
1838,Bird
1839,Bird
1840,Bird
1841,Bird
1842,Airplane
1843,Airplane
1844,Airplane
1845,Airplane
1846,Airplane
1847,Bird
1848,Bird
1849,Airplane
1850,Bird
1851,Airplane
1852,Bird
1853,Bird
1854,Airplane
1855,Airplane
1856,Airplane
1857,Airplane
1858,Bird
1859,Bird
1860,Airplane
1861,Bird
1862,Airplane
1863,Bird
1864,Bird
1865,Bird
1866,Airplane
1867,Airplane
1868,Airplane
1869,Airplane
1870,Airplane
1871,Bird
1872,Airplane
1873,Bird
1874,Bird
1875,Bird
1876,Bird
1877,Bird
1878,Bird
1879,Bird
1880,Airplane
1881,Bird
1882,Airplane
1883,Airplane
1884,Bird
1885,Bird
1886,Airplane
1887,Bird
1888,Bird
1889,Airplane
1890,Airplane
1891,Airplane
1892,Airplane
1893,Airplane
1894,Airplane
1895,Bird
1896,Bird
1897,Bird
1898,Bird
1899,Bird
1900,Airplane
1901,Bird
1902,Airplane
1903,Bird
1904,Airplane
1905,Airplane
1906,Airplane
1907,Airplane
1908,Airplane
1909,Airplane
1910,Airplane
1911,Bird
1912,Bird
1913,Airplane
1914,Airplane
1915,Bird
1916,Bird
1917,Bird
1918,Bird
1919,Bird
1920,Airplane
1921,Bird
1922,Airplane
1923,Airplane
1924,Airplane
1925,Bird
1926,Airplane
1927,Airplane
1928,Bird
1929,Airplane
1930,Airplane
1931,Airplane
1932,Bird
1933,Airplane
1934,Bird
1935,Airplane
1936,Bird
1937,Bird
1938,Bird
1939,Airplane
1940,Bird
1941,Bird
1942,Bird
1943,Airplane
1944,Bird
1945,Airplane
1946,Bird
1947,Bird
1948,Bird
1949,Bird
1950,Bird
1951,Bird
1952,Airplane
1953,Bird
1954,Airplane
1955,Airplane
1956,Airplane
1957,Airplane
1958,Bird
1959,Bird
1960,Bird
1961,Airplane
1962,Bird
1963,Bird
1964,Bird
1965,Airplane
1966,Bird
1967,Airplane
1968,Airplane
1969,Airplane
1970,Airplane
1971,Bird
1972,Airplane
1973,Airplane
1974,Bird
1975,Airplane
1976,Bird
1977,Bird
1978,Airplane
1979,Airplane
1980,Bird
1981,Bird
1982,Airplane
1983,Bird
1984,Airplane
1985,Bird
1986,Airplane
1987,Bird
1988,Airplane
1989,Airplane
1990,Bird
1991,Airplane
1992,Bird
1993,Airplane
1994,Bird
1995,Bird
1996,Bird
1997,Airplane
1998,Bird
1999,Bird
2000,Bird
2001,Bird
2002,Airplane
2003,Bird
2004,Bird
2005,Bird
2006,Airplane
2007,Bird
2008,Airplane
2009,Airplane
2010,Airplane
2011,Airplane
2012,Bird
2013,Bird
2014,Bird
2015,Bird
2016,Airplane
2017,Airplane
2018,Airplane
2019,Airplane
2020,Bird
2021,Bird
2022,Airplane
2023,Airplane
2024,Bird
2025,Airplane
2026,Bird
2027,Airplane
2028,Airplane
2029,Airplane
2030,Bird
2031,Airplane
2032,Bird
2033,Airplane
2034,Airplane
2035,Bird
2036,Bird
2037,Bird
2038,Bird
2039,Airplane
2040,Airplane
2041,Bird
2042,Airplane
2043,Bird
2044,Airplane
2045,Bird
2046,Bird
2047,Airplane
2048,Bird
2049,Bird
2050,Airplane
2051,Bird
2052,Bird
2053,Airplane
2054,Bird
2055,Bird
2056,Airplane
2057,Bird
2058,Bird
2059,Bird
2060,Airplane
2061,Bird
2062,Airplane
2063,Airplane
2064,Bird
2065,Bird
2066,Airplane
2067,Airplane
2068,Bird
2069,Airplane
2070,Airplane
2071,Airplane
2072,Bird
2073,Airplane
2074,Bird
2075,Bird
2076,Airplane
2077,Airplane
2078,Airplane
2079,Airplane
2080,Airplane
2081,Bird
2082,Bird
2083,Bird
2084,Bird
2085,Bird
2086,Airplane
2087,Bird
2088,Airplane
2089,Bird
2090,Airplane
2091,Bird
2092,Bird
2093,Airplane
2094,Airplane
2095,Bird
2096,Airplane
2097,Bird
2098,Bird
2099,Airplane
2100,Bird
2101,Airplane
2102,Airplane
2103,Airplane
2104,Airplane
2105,Bird
2106,Airplane
2107,Airplane
2108,Airplane
2109,Airplane
2110,Bird
2111,Airplane
2112,Airplane
2113,Bird
2114,Airplane
2115,Bird
2116,Airplane
2117,Bird
2118,Airplane
2119,Airplane
2120,Bird
2121,Airplane
2122,Bird
2123,Bird
2124,Bird
2125,Bird
2126,Bird
2127,Bird
2128,Bird
2129,Bird
2130,Bird
2131,Airplane
2132,Airplane
2133,Airplane
2134,Airplane
2135,Bird
2136,Airplane
2137,Airplane
2138,Bird
2139,Bird
2140,Bird
2141,Bird
2142,Bird
2143,Airplane
2144,Airplane
2145,Bird
2146,Airplane
2147,Bird
2148,Bird
2149,Bird
2150,Airplane
2151,Bird
2152,Airplane
2153,Bird
2154,Bird
2155,Bird
2156,Bird
2157,Bird
2158,Bird
2159,Airplane
2160,Bird
2161,Bird
2162,Bird
2163,Bird
2164,Bird
2165,Bird
2166,Bird
2167,Bird
2168,Airplane
2169,Airplane
2170,Bird
2171,Bird
2172,Airplane
2173,Bird
2174,Bird
2175,Airplane
2176,Airplane
2177,Airplane
2178,Airplane
2179,Bird
2180,Bird
2181,Bird
2182,Airplane
2183,Airplane
2184,Airplane
2185,Bird
2186,Bird
2187,Bird
2188,Airplane
2189,Airplane
2190,Airplane
2191,Airplane
2192,Bird
2193,Bird
2194,Airplane
2195,Airplane
2196,Airplane
2197,Airplane
2198,Airplane
2199,Bird
2200,Bird
2201,Airplane
2202,Airplane
2203,Airplane
2204,Airplane
2205,Airplane
2206,Bird
2207,Airplane
2208,Airplane
2209,Airplane
2210,Airplane
2211,Airplane
2212,Airplane
2213,Airplane
2214,Bird
2215,Airplane
2216,Bird
2217,Bird
2218,Airplane
2219,Bird
2220,Airplane
2221,Airplane
2222,Airplane
2223,Bird
2224,Airplane
2225,Airplane
2226,Airplane
2227,Airplane
2228,Bird
2229,Bird
2230,Bird
2231,Bird
2232,Bird
2233,Bird
2234,Airplane
2235,Airplane
2236,Bird
2237,Bird
2238,Airplane
2239,Bird
2240,Airplane
2241,Bird
2242,Bird
2243,Airplane
2244,Airplane
2245,Bird
2246,Bird
2247,Bird
2248,Bird
2249,Airplane
2250,Bird
2251,Airplane
2252,Airplane
2253,Airplane
2254,Airplane
2255,Airplane
2256,Bird
2257,Bird
2258,Airplane
2259,Airplane
2260,Airplane
2261,Bird
2262,Airplane
2263,Airplane
2264,Bird
2265,Airplane
2266,Bird
2267,Bird
2268,Airplane
2269,Airplane
2270,Bird
2271,Airplane
2272,Bird
2273,Bird
2274,Airplane
2275,Airplane
2276,Bird
2277,Airplane
2278,Bird
2279,Bird
2280,Bird
2281,Airplane
2282,Airplane
2283,Airplane
2284,Bird
2285,Airplane
2286,Airplane
2287,Bird
2288,Airplane
2289,Airplane
2290,Bird
2291,Airplane
2292,Airplane
2293,Bird
2294,Bird
2295,Airplane
2296,Bird
2297,Airplane
2298,Airplane
2299,Bird
2300,Bird
2301,Airplane
2302,Bird
2303,Airplane
2304,Bird
2305,Bird
2306,Bird
2307,Bird
2308,Bird
2309,Airplane
2310,Bird
2311,Bird
2312,Bird
2313,Bird
2314,Bird
2315,Airplane
2316,Airplane
2317,Bird
2318,Airplane
2319,Bird
2320,Bird
2321,Bird
2322,Airplane
2323,Airplane
2324,Bird
2325,Bird
2326,Bird
2327,Bird
2328,Bird
2329,Airplane
2330,Airplane
2331,Airplane
2332,Bird
2333,Bird
2334,Airplane
2335,Bird
2336,Airplane
2337,Airplane
2338,Bird
2339,Airplane
2340,Bird
2341,Airplane
2342,Bird
2343,Bird
2344,Bird
2345,Airplane
2346,Airplane
2347,Airplane
2348,Airplane
2349,Airplane
2350,Airplane
2351,Airplane
2352,Bird
2353,Airplane
2354,Bird
2355,Bird
2356,Bird
2357,Airplane
2358,Airplane
2359,Bird
2360,Bird
2361,Bird
2362,Airplane
2363,Airplane
2364,Airplane
2365,Airplane
2366,Bird
2367,Airplane
2368,Bird
2369,Bird
2370,Bird
2371,Bird
2372,Bird
2373,Airplane
2374,Bird
2375,Bird
2376,Airplane
2377,Airplane
2378,Bird
2379,Airplane
2380,Airplane
2381,Bird
2382,Airplane
2383,Airplane
2384,Airplane
2385,Bird
2386,Airplane
2387,Bird
2388,Bird
2389,Bird
2390,Bird
2391,Airplane
2392,Bird
2393,Airplane
2394,Airplane
2395,Airplane
2396,Bird
2397,Bird
2398,Bird
2399,Bird
2400,Bird
2401,Airplane
2402,Airplane
2403,Bird
2404,Airplane
2405,Airplane
2406,Airplane
2407,Bird
2408,Bird
2409,Airplane
2410,Airplane
2411,Bird
2412,Airplane
2413,Bird
2414,Airplane
2415,Bird
2416,Airplane
2417,Bird
2418,Bird
2419,Airplane
2420,Airplane
2421,Airplane
2422,Airplane
2423,Bird
2424,Bird
2425,Bird
2426,Airplane
2427,Airplane
2428,Bird
2429,Airplane
2430,Bird
2431,Airplane
2432,Airplane
2433,Bird
2434,Bird
2435,Airplane
2436,Bird
2437,Airplane
2438,Bird
2439,Airplane
2440,Airplane
2441,Airplane
2442,Bird
2443,Bird
2444,Airplane
2445,Airplane
2446,Airplane
2447,Airplane
2448,Airplane
2449,Airplane
2450,Airplane
2451,Airplane
2452,Bird
2453,Bird
2454,Bird
2455,Airplane
2456,Airplane
2457,Bird
2458,Airplane
2459,Airplane
2460,Bird
2461,Airplane
2462,Airplane
2463,Airplane
2464,Airplane
2465,Bird
2466,Airplane
2467,Bird
2468,Airplane
2469,Bird
2470,Airplane
2471,Bird
2472,Airplane
2473,Airplane
2474,Airplane
2475,Bird
2476,Bird
2477,Airplane
2478,Bird
2479,Airplane
2480,Airplane
2481,Airplane
2482,Bird
2483,Bird
2484,Airplane
2485,Airplane
2486,Airplane
2487,Airplane
2488,Airplane
2489,Bird
2490,Bird
2491,Airplane
2492,Airplane
2493,Airplane
2494,Airplane
2495,Bird
2496,Bird
2497,Bird
2498,Airplane
2499,Airplane
2500,Bird
2501,Airplane
2502,Airplane
2503,Airplane
2504,Airplane
2505,Bird
2506,Bird
2507,Bird
2508,Airplane
2509,Bird
2510,Bird
2511,Bird
2512,Bird
2513,Bird
2514,Airplane
2515,Bird
2516,Bird
2517,Airplane
2518,Airplane
2519,Airplane
2520,Airplane
2521,Airplane
2522,Airplane
2523,Airplane
2524,Airplane
2525,Airplane
2526,Airplane
2527,Airplane
2528,Airplane
2529,Bird
2530,Airplane
2531,Bird
2532,Bird
2533,Bird
2534,Bird
2535,Airplane
2536,Airplane
2537,Bird
2538,Airplane
2539,Airplane
2540,Bird
2541,Airplane
2542,Bird
2543,Airplane
2544,Bird
2545,Bird
2546,Airplane
2547,Bird
2548,Bird
2549,Airplane
2550,Airplane
2551,Bird
2552,Bird
2553,Airplane
2554,Bird
2555,Bird
2556,Airplane
2557,Bird
2558,Airplane
2559,Airplane
2560,Airplane
2561,Airplane
2562,Bird
2563,Bird
2564,Airplane
2565,Airplane
2566,Airplane
2567,Airplane
2568,Bird
2569,Bird
2570,Airplane
2571,Airplane
2572,Airplane
2573,Airplane
2574,Bird
2575,Bird
2576,Airplane
2577,Bird
2578,Bird
2579,Bird
2580,Airplane
2581,Airplane
2582,Airplane
2583,Bird
2584,Bird
2585,Bird
2586,Airplane
2587,Bird
2588,Bird
2589,Bird
2590,Bird
2591,Airplane
2592,Airplane
2593,Bird
2594,Bird
2595,Airplane
2596,Bird
2597,Airplane
2598,Airplane
2599,Bird
2600,Bird
2601,Airplane
2602,Airplane
2603,Airplane
2604,Airplane
2605,Airplane
2606,Airplane
2607,Bird
2608,Airplane
2609,Airplane
2610,Airplane
2611,Airplane
2612,Bird
2613,Bird
2614,Airplane
2615,Bird
2616,Airplane
2617,Airplane
2618,Airplane
2619,Bird
2620,Airplane
2621,Airplane
2622,Bird
2623,Airplane
2624,Airplane
2625,Bird
2626,Airplane
2627,Bird
2628,Bird
2629,Bird
2630,Airplane
2631,Airplane
2632,Bird
2633,Bird
2634,Bird
2635,Bird
2636,Airplane
2637,Airplane
2638,Bird
2639,Airplane
2640,Bird
2641,Bird
2642,Airplane
2643,Airplane
2644,Bird
2645,Bird
2646,Airplane
2647,Bird
2648,Bird
2649,Bird
2650,Airplane
2651,Airplane
2652,Airplane
2653,Bird
2654,Airplane
2655,Bird
2656,Bird
2657,Airplane
2658,Airplane
2659,Bird
2660,Bird
2661,Airplane
2662,Airplane
2663,Bird
2664,Bird
2665,Airplane
2666,Airplane
2667,Bird
2668,Bird
2669,Bird
2670,Bird
2671,Bird
2672,Bird
2673,Airplane
2674,Bird
2675,Airplane
2676,Airplane
2677,Airplane
2678,Airplane
2679,Bird
2680,Bird
2681,Airplane
2682,Airplane
2683,Bird
2684,Bird
2685,Airplane
2686,Airplane
2687,Airplane
2688,Bird
2689,Airplane
2690,Airplane
2691,Bird
2692,Bird
2693,Airplane
2694,Bird
2695,Bird
2696,Bird
2697,Airplane
2698,Airplane
2699,Airplane
2700,Bird
2701,Bird
2702,Airplane
2703,Bird
2704,Airplane
2705,Bird
2706,Airplane
2707,Airplane
2708,Airplane
2709,Airplane
2710,Airplane
2711,Airplane
2712,Bird
2713,Bird
2714,Airplane
2715,Bird
2716,Airplane
2717,Airplane
2718,Bird
2719,Bird
2720,Bird
2721,Airplane
2722,Airplane
2723,Bird
2724,Airplane
2725,Airplane
2726,Airplane
2727,Airplane
2728,Airplane
2729,Airplane
2730,Bird
2731,Bird
2732,Bird
2733,Bird
2734,Airplane
2735,Bird
2736,Airplane
2737,Airplane
2738,Airplane
2739,Bird
2740,Bird
2741,Airplane
2742,Bird
2743,Bird
2744,Bird
2745,Bird
2746,Airplane
2747,Airplane
2748,Airplane
2749,Airplane
2750,Bird
2751,Bird
2752,Bird
2753,Bird
2754,Airplane
2755,Bird
2756,Airplane
2757,Bird
2758,Bird
2759,Bird
2760,Bird
2761,Airplane
2762,Airplane
2763,Airplane
2764,Airplane
2765,Bird
2766,Bird
2767,Airplane
2768,Airplane
2769,Airplane
2770,Bird
2771,Airplane
2772,Bird
2773,Airplane
2774,Bird
2775,Bird
2776,Airplane
2777,Airplane
2778,Bird
2779,Airplane
2780,Bird
2781,Bird
2782,Airplane
2783,Bird
2784,Bird
2785,Bird
2786,Airplane
2787,Airplane
2788,Airplane
2789,Airplane
2790,Bird
2791,Airplane
2792,Airplane
2793,Bird
2794,Airplane
2795,Bird
2796,Airplane
2797,Airplane
2798,Bird
2799,Airplane
2800,Airplane
2801,Bird
2802,Airplane
2803,Airplane
2804,Bird
2805,Bird
2806,Airplane
2807,Bird
2808,Bird
2809,Airplane
2810,Bird
2811,Bird
2812,Airplane
2813,Airplane
2814,Airplane
2815,Airplane
2816,Bird
2817,Bird
2818,Bird
2819,Airplane
2820,Airplane
2821,Airplane
2822,Bird
2823,Bird
2824,Bird
2825,Airplane
2826,Airplane
2827,Airplane
2828,Bird
2829,Airplane
2830,Bird
2831,Airplane
2832,Bird
2833,Airplane
2834,Bird
2835,Bird
2836,Airplane
2837,Bird
2838,Bird
2839,Airplane
2840,Airplane
2841,Airplane
2842,Airplane
2843,Airplane
2844,Airplane
2845,Airplane
2846,Airplane
2847,Bird
2848,Airplane
2849,Airplane
2850,Bird
2851,Airplane
2852,Airplane
2853,Airplane
2854,Airplane
2855,Airplane
2856,Airplane
2857,Airplane
2858,Airplane
2859,Airplane
2860,Airplane
2861,Bird
2862,Airplane
2863,Bird
2864,Airplane
2865,Airplane
2866,Bird
2867,Airplane
2868,Bird
2869,Airplane
2870,Airplane
2871,Bird
2872,Bird
2873,Airplane
2874,Bird
2875,Bird
2876,Airplane
2877,Airplane
2878,Airplane
2879,Airplane
2880,Bird
2881,Airplane
2882,Bird
2883,Airplane
2884,Airplane
2885,Bird
2886,Airplane
2887,Airplane
2888,Bird
2889,Airplane
2890,Bird
2891,Bird
2892,Bird
2893,Airplane
2894,Airplane
2895,Bird
2896,Airplane
2897,Airplane
2898,Bird
2899,Bird
2900,Airplane
2901,Bird
2902,Bird
2903,Airplane
2904,Airplane
2905,Airplane
2906,Bird
2907,Bird
2908,Airplane
2909,Airplane
2910,Airplane
2911,Airplane
2912,Airplane
2913,Airplane
2914,Airplane
2915,Bird
2916,Bird
2917,Bird
2918,Bird
2919,Airplane
2920,Airplane
2921,Airplane
2922,Bird
2923,Airplane
2924,Bird
2925,Airplane
2926,Airplane
2927,Airplane
2928,Airplane
2929,Airplane
2930,Bird
2931,Bird
2932,Airplane
2933,Bird
2934,Bird
2935,Airplane
2936,Bird
2937,Airplane
2938,Airplane
2939,Bird
2940,Bird
2941,Airplane
2942,Bird
2943,Bird
2944,Bird
2945,Bird
2946,Airplane
2947,Bird
2948,Bird
2949,Bird
2950,Airplane
2951,Airplane
2952,Airplane
2953,Airplane
2954,Airplane
2955,Airplane
2956,Airplane
2957,Airplane
2958,Airplane
2959,Bird
2960,Bird
2961,Bird
2962,Bird
2963,Bird
2964,Airplane
2965,Airplane
2966,Airplane
2967,Airplane
2968,Bird
2969,Airplane
2970,Bird
2971,Bird
2972,Bird
2973,Airplane
2974,Airplane
2975,Airplane
2976,Bird
2977,Bird
2978,Bird
2979,Airplane
2980,Bird
2981,Bird
2982,Airplane
2983,Airplane
2984,Airplane
2985,Bird
2986,Airplane
2987,Airplane
2988,Airplane
2989,Airplane
2990,Airplane
2991,Bird
2992,Airplane
2993,Airplane
2994,Bird
2995,Airplane
2996,Bird
2997,Airplane
2998,Bird
2999,Bird
3000,Airplane
3001,Airplane
3002,Bird
3003,Airplane
3004,Bird
3005,Bird
3006,Bird
3007,Bird
3008,Airplane
3009,Airplane
3010,Bird
3011,Airplane
3012,Bird
3013,Bird
3014,Airplane
3015,Bird
3016,Bird
3017,Bird
3018,Airplane
3019,Bird
3020,Bird
3021,Bird
3022,Bird
3023,Airplane
3024,Airplane
3025,Airplane
3026,Airplane
3027,Bird
3028,Airplane
3029,Airplane
3030,Airplane
3031,Bird
3032,Bird
3033,Airplane
3034,Bird
3035,Airplane
3036,Airplane
3037,Bird
3038,Bird
3039,Bird
3040,Airplane
3041,Bird
3042,Airplane
3043,Bird
3044,Airplane
3045,Bird
3046,Bird
3047,Bird
3048,Bird
3049,Bird
3050,Airplane
3051,Bird
3052,Airplane
3053,Airplane
3054,Bird
3055,Airplane
3056,Airplane
3057,Bird
3058,Airplane
3059,Airplane
3060,Airplane
3061,Airplane
3062,Bird
3063,Bird
3064,Bird
3065,Airplane
3066,Airplane
3067,Airplane
3068,Airplane
3069,Airplane
3070,Bird
3071,Airplane
3072,Bird
3073,Bird
3074,Bird
3075,Airplane
3076,Bird
3077,Bird
3078,Airplane
3079,Airplane
3080,Bird
3081,Bird
3082,Bird
3083,Bird
3084,Bird
3085,Airplane
3086,Bird
3087,Bird
3088,Bird
3089,Bird
3090,Airplane
3091,Bird
3092,Airplane
3093,Bird
3094,Bird
3095,Airplane
3096,Bird
3097,Airplane
3098,Bird
3099,Bird
3100,Airplane
3101,Bird
3102,Airplane
3103,Bird
3104,Bird
3105,Airplane
3106,Bird
3107,Airplane
3108,Bird
3109,Bird
3110,Bird
3111,Airplane
3112,Airplane
3113,Bird
3114,Airplane
3115,Airplane
3116,Airplane
3117,Bird
3118,Airplane
3119,Bird
3120,Airplane
3121,Bird
3122,Bird
3123,Bird
3124,Airplane
3125,Airplane
3126,Bird
3127,Bird
3128,Bird
3129,Bird
3130,Airplane
3131,Bird
3132,Airplane
3133,Bird
3134,Bird
3135,Bird
3136,Bird
3137,Bird
3138,Bird
3139,Airplane
3140,Airplane
3141,Airplane
3142,Airplane
3143,Airplane
3144,Bird
3145,Airplane
3146,Airplane
3147,Airplane
3148,Airplane
3149,Airplane
3150,Airplane
3151,Airplane
3152,Bird
3153,Bird
3154,Bird
3155,Airplane
3156,Bird
3157,Airplane
3158,Bird
3159,Bird
3160,Bird
3161,Bird
3162,Airplane
3163,Airplane
3164,Airplane
3165,Bird
3166,Bird
3167,Airplane
3168,Airplane
3169,Bird
3170,Bird
3171,Bird
3172,Airplane
3173,Airplane
3174,Airplane
3175,Bird
3176,Airplane
3177,Airplane
3178,Airplane
3179,Bird
3180,Airplane
3181,Airplane
3182,Bird
3183,Airplane
3184,Airplane
3185,Bird
3186,Bird
3187,Airplane
3188,Bird
3189,Bird
3190,Bird
3191,Airplane
3192,Bird
3193,Bird
3194,Bird
3195,Airplane
3196,Bird
3197,Airplane
3198,Bird
3199,Bird
3200,Bird
3201,Airplane
3202,Bird
3203,Airplane
3204,Bird
3205,Bird
3206,Airplane
3207,Bird
3208,Airplane
3209,Airplane
3210,Bird
3211,Bird
3212,Bird
3213,Bird
3214,Airplane
3215,Bird
3216,Bird
3217,Bird
3218,Bird
3219,Bird
3220,Airplane
3221,Bird
3222,Airplane
3223,Bird
3224,Airplane
3225,Airplane
3226,Airplane
3227,Bird
3228,Bird
3229,Airplane
3230,Airplane
3231,Airplane
3232,Bird
3233,Airplane
3234,Bird
3235,Airplane
3236,Airplane
3237,Bird
3238,Airplane
3239,Bird
3240,Bird
3241,Bird
3242,Airplane
3243,Airplane
3244,Airplane
3245,Airplane
3246,Bird
3247,Bird
3248,Bird
3249,Airplane
3250,Airplane
3251,Bird
3252,Bird
3253,Airplane
3254,Bird
3255,Airplane
3256,Airplane
3257,Airplane
3258,Bird
3259,Airplane
3260,Bird
3261,Bird
3262,Airplane
3263,Bird
3264,Bird
3265,Airplane
3266,Bird
3267,Airplane
3268,Airplane
3269,Bird
3270,Bird
3271,Airplane
3272,Airplane
3273,Airplane
3274,Bird
3275,Bird
3276,Bird
3277,Bird
3278,Airplane
3279,Airplane
3280,Airplane
3281,Bird
3282,Bird
3283,Airplane
3284,Bird
3285,Bird
3286,Airplane
3287,Bird
3288,Airplane
3289,Bird
3290,Bird
3291,Bird
3292,Bird
3293,Airplane
3294,Airplane
3295,Bird
3296,Bird
3297,Bird
3298,Bird
3299,Airplane
3300,Bird
3301,Airplane
3302,Bird
3303,Airplane
3304,Bird
3305,Bird
3306,Airplane
3307,Bird
3308,Airplane
3309,Bird
3310,Airplane
3311,Airplane
3312,Bird
3313,Bird
3314,Airplane
3315,Airplane
3316,Bird
3317,Airplane
3318,Airplane
3319,Bird
3320,Bird
3321,Bird
3322,Bird
3323,Bird
3324,Airplane
3325,Bird
3326,Bird
3327,Bird
3328,Airplane
3329,Airplane
3330,Airplane
3331,Airplane
3332,Airplane
3333,Bird
3334,Bird
3335,Airplane
3336,Airplane
3337,Bird
3338,Bird
3339,Bird
3340,Airplane
3341,Bird
3342,Airplane
3343,Bird
3344,Airplane
3345,Airplane
3346,Bird
3347,Bird
3348,Airplane
3349,Airplane
3350,Airplane
3351,Bird
3352,Bird
3353,Bird
3354,Airplane
3355,Airplane
3356,Bird
3357,Airplane
3358,Airplane
3359,Bird
3360,Airplane
3361,Bird
3362,Airplane
3363,Airplane
3364,Airplane
3365,Bird
3366,Airplane
3367,Airplane
3368,Bird
3369,Bird
3370,Airplane
3371,Bird
3372,Airplane
3373,Airplane
3374,Bird
3375,Airplane
3376,Airplane
3377,Bird
3378,Airplane
3379,Bird
3380,Bird
3381,Bird
3382,Bird
3383,Bird
3384,Bird
3385,Bird
3386,Airplane
3387,Airplane
3388,Airplane
3389,Bird
3390,Bird
3391,Bird
3392,Airplane
3393,Airplane
3394,Bird
3395,Airplane
3396,Airplane
3397,Bird
3398,Bird
3399,Bird
3400,Airplane
3401,Airplane
3402,Bird
3403,Bird
3404,Airplane
3405,Bird
3406,Bird
3407,Bird
3408,Airplane
3409,Bird
3410,Airplane
3411,Bird
3412,Bird
3413,Bird
3414,Airplane
3415,Bird
3416,Airplane
3417,Airplane
3418,Airplane
3419,Bird
3420,Bird
3421,Bird
3422,Airplane
3423,Airplane
3424,Bird
3425,Airplane
3426,Bird
3427,Bird
3428,Bird
3429,Airplane
3430,Bird
3431,Airplane
3432,Airplane
3433,Bird
3434,Bird
3435,Bird
3436,Bird
3437,Airplane
3438,Bird
3439,Bird
3440,Bird
3441,Bird
3442,Airplane
3443,Bird
3444,Bird
3445,Airplane
3446,Bird
3447,Airplane
3448,Airplane
3449,Bird
3450,Airplane
3451,Airplane
3452,Airplane
3453,Bird
3454,Bird
3455,Bird
3456,Bird
3457,Bird
3458,Bird
3459,Bird
3460,Airplane
3461,Airplane
3462,Bird
3463,Bird
3464,Airplane
3465,Bird
3466,Bird
3467,Bird
3468,Bird
3469,Bird
3470,Bird
3471,Bird
3472,Airplane
3473,Bird
3474,Bird
3475,Bird
3476,Airplane
3477,Bird
3478,Airplane
3479,Airplane
3480,Bird
3481,Airplane
3482,Airplane
3483,Bird
3484,Bird
3485,Bird
3486,Airplane
3487,Airplane
3488,Airplane
3489,Bird
3490,Airplane
3491,Airplane
3492,Airplane
3493,Bird
3494,Bird
3495,Bird
3496,Bird
3497,Airplane
3498,Bird
3499,Airplane
3500,Airplane
3501,Bird
3502,Airplane
3503,Airplane
3504,Bird
3505,Bird
3506,Airplane
3507,Bird
3508,Airplane
3509,Airplane
3510,Airplane
3511,Airplane
3512,Bird
3513,Bird
3514,Bird
3515,Airplane
3516,Airplane
3517,Bird
3518,Airplane
3519,Bird
3520,Airplane
3521,Bird
3522,Bird
3523,Airplane
3524,Bird
3525,Bird
3526,Airplane
3527,Airplane
3528,Airplane
3529,Airplane
3530,Airplane
3531,Airplane
3532,Bird
3533,Airplane
3534,Airplane
3535,Bird
3536,Bird
3537,Bird
3538,Airplane
3539,Airplane
3540,Bird
3541,Bird
3542,Airplane
3543,Bird
3544,Airplane
3545,Bird
3546,Airplane
3547,Bird
3548,Airplane
3549,Airplane
3550,Airplane
3551,Bird
3552,Airplane
3553,Bird
3554,Airplane
3555,Bird
3556,Airplane
3557,Airplane
3558,Airplane
3559,Bird
3560,Airplane
3561,Bird
3562,Airplane
3563,Airplane
3564,Bird
3565,Bird
3566,Airplane
3567,Bird
3568,Airplane
3569,Bird
3570,Airplane
3571,Bird
3572,Bird
3573,Airplane
3574,Bird
3575,Airplane
3576,Airplane
3577,Bird
3578,Bird
3579,Bird
3580,Bird
3581,Bird
3582,Airplane
3583,Airplane
3584,Airplane
3585,Airplane
3586,Airplane
3587,Bird
3588,Bird
3589,Bird
3590,Airplane
3591,Bird
3592,Airplane
3593,Bird
3594,Bird
3595,Airplane
3596,Airplane
3597,Bird
3598,Airplane
3599,Bird
3600,Airplane
3601,Airplane
3602,Bird
3603,Bird
3604,Airplane
3605,Airplane
3606,Airplane
3607,Airplane
3608,Airplane
3609,Airplane
3610,Airplane
3611,Bird
3612,Airplane
3613,Bird
3614,Bird
3615,Airplane
3616,Airplane
3617,Airplane
3618,Airplane
3619,Airplane
3620,Airplane
3621,Bird
3622,Airplane
3623,Bird
3624,Bird
3625,Bird
3626,Airplane
3627,Bird
3628,Bird
3629,Airplane
3630,Airplane
3631,Bird
3632,Bird
3633,Airplane
3634,Bird
3635,Bird
3636,Airplane
3637,Airplane
3638,Airplane
3639,Airplane
3640,Bird
3641,Airplane
3642,Airplane
3643,Bird
3644,Bird
3645,Airplane
3646,Airplane
3647,Bird
3648,Airplane
3649,Airplane
3650,Airplane
3651,Airplane
3652,Bird
3653,Bird
3654,Bird
3655,Airplane
3656,Airplane
3657,Airplane
3658,Airplane
3659,Airplane
3660,Bird
3661,Airplane
3662,Bird
3663,Airplane
3664,Airplane
3665,Bird
3666,Bird
3667,Bird
3668,Airplane
3669,Bird
3670,Bird
3671,Bird
3672,Bird
3673,Bird
3674,Bird
3675,Bird
3676,Bird
3677,Airplane
3678,Airplane
3679,Bird
3680,Bird
3681,Airplane
3682,Airplane
3683,Bird
3684,Bird
3685,Bird
3686,Bird
3687,Airplane
3688,Airplane
3689,Bird
3690,Airplane
3691,Bird
3692,Airplane
3693,Bird
3694,Airplane
3695,Airplane
3696,Airplane
3697,Bird
3698,Airplane
3699,Bird
3700,Airplane
3701,Bird
3702,Airplane
3703,Bird
3704,Airplane
3705,Airplane
3706,Bird
3707,Bird
3708,Bird
3709,Bird
3710,Bird
3711,Bird
3712,Bird
3713,Bird
3714,Airplane
3715,Bird
3716,Bird
3717,Airplane
3718,Airplane
3719,Bird
3720,Bird
3721,Bird
3722,Airplane
3723,Airplane
3724,Bird
3725,Bird
3726,Airplane
3727,Airplane
3728,Airplane
3729,Airplane
3730,Airplane
3731,Bird
3732,Airplane
3733,Bird
3734,Bird
3735,Airplane
3736,Bird
3737,Airplane
3738,Bird
3739,Bird
3740,Airplane
3741,Airplane
3742,Airplane
3743,Airplane
3744,Bird
3745,Bird
3746,Airplane
3747,Airplane
3748,Bird
3749,Airplane
3750,Bird
3751,Airplane
3752,Bird
3753,Airplane
3754,Bird
3755,Airplane
3756,Bird
3757,Airplane
3758,Bird
3759,Bird
3760,Bird
3761,Airplane
3762,Bird
3763,Bird
3764,Airplane
3765,Bird
3766,Bird
3767,Airplane
3768,Bird
3769,Bird
3770,Airplane
3771,Airplane
3772,Airplane
3773,Airplane
3774,Bird
3775,Airplane
3776,Airplane
3777,Airplane
3778,Airplane
3779,Airplane
3780,Bird
3781,Bird
3782,Airplane
3783,Airplane
3784,Bird
3785,Bird
3786,Bird
3787,Airplane
3788,Airplane
3789,Airplane
3790,Bird
3791,Bird
3792,Airplane
3793,Airplane
3794,Airplane
3795,Airplane
3796,Airplane
3797,Airplane
3798,Bird
3799,Bird
3800,Airplane
3801,Bird
3802,Bird
3803,Airplane
3804,Bird
3805,Bird
3806,Bird
3807,Bird
3808,Bird
3809,Bird
3810,Airplane
3811,Bird
3812,Airplane
3813,Airplane
3814,Bird
3815,Bird
3816,Bird
3817,Airplane
3818,Bird
3819,Airplane
3820,Bird
3821,Airplane
3822,Airplane
3823,Airplane
3824,Airplane
3825,Bird
3826,Airplane
3827,Airplane
3828,Airplane
3829,Airplane
3830,Airplane
3831,Bird
3832,Airplane
3833,Airplane
3834,Airplane
3835,Bird
3836,Bird
3837,Airplane
3838,Bird
3839,Bird
3840,Bird
3841,Airplane
3842,Bird
3843,Bird
3844,Airplane
3845,Airplane
3846,Bird
3847,Bird
3848,Bird
3849,Bird
3850,Bird
3851,Bird
3852,Airplane
3853,Bird
3854,Airplane
3855,Airplane
3856,Airplane
3857,Airplane
3858,Bird
3859,Airplane
3860,Airplane
3861,Airplane
3862,Bird
3863,Airplane
3864,Bird
3865,Airplane
3866,Bird
3867,Bird
3868,Airplane
3869,Airplane
3870,Airplane
3871,Bird
3872,Airplane
3873,Bird
3874,Bird
3875,Airplane
3876,Airplane
3877,Airplane
3878,Airplane
3879,Bird
3880,Bird
3881,Bird
3882,Airplane
3883,Bird
3884,Bird
3885,Bird
3886,Bird
3887,Airplane
3888,Bird
3889,Bird
3890,Airplane
3891,Airplane
3892,Bird
3893,Airplane
3894,Bird
3895,Airplane
3896,Bird
3897,Airplane
3898,Airplane
3899,Bird
3900,Airplane
3901,Airplane
3902,Airplane
3903,Bird
3904,Airplane
3905,Airplane
3906,Bird
3907,Airplane
3908,Bird
3909,Bird
3910,Bird
3911,Bird
3912,Bird
3913,Bird
3914,Airplane
3915,Airplane
3916,Bird
3917,Airplane
3918,Bird
3919,Airplane
3920,Airplane
3921,Airplane
3922,Airplane
3923,Airplane
3924,Bird
3925,Airplane
3926,Airplane
3927,Bird
3928,Airplane
3929,Bird
3930,Airplane
3931,Airplane
3932,Airplane
3933,Bird
3934,Airplane
3935,Bird
3936,Bird
3937,Airplane
3938,Airplane
3939,Airplane
3940,Bird
3941,Bird
3942,Airplane
3943,Bird
3944,Airplane
3945,Bird
3946,Airplane
3947,Bird
3948,Airplane
3949,Airplane
3950,Bird
3951,Airplane
3952,Bird
3953,Bird
3954,Airplane
3955,Bird
3956,Airplane
3957,Airplane
3958,Bird
3959,Airplane
3960,Airplane
3961,Airplane
3962,Airplane
3963,Bird
3964,Airplane
3965,Airplane
3966,Airplane
3967,Bird
3968,Bird
3969,Bird
3970,Airplane
3971,Airplane
3972,Bird
3973,Bird
3974,Bird
3975,Bird
3976,Airplane
3977,Airplane
3978,Airplane
3979,Bird
3980,Airplane
3981,Airplane
3982,Airplane
3983,Airplane
3984,Bird
3985,Airplane
3986,Bird
3987,Airplane
3988,Airplane
3989,Bird
3990,Bird
3991,Bird
3992,Bird
3993,Airplane
3994,Airplane
3995,Bird
3996,Airplane
3997,Airplane
3998,Bird
3999,Airplane
4000,Airplane
4001,Airplane
4002,Bird
4003,Airplane
4004,Bird
4005,Airplane
4006,Airplane
4007,Bird
4008,Bird
4009,Bird
4010,Airplane
4011,Bird
4012,Bird
4013,Bird
4014,Bird
4015,Bird
4016,Bird
4017,Airplane
4018,Bird
4019,Bird
4020,Bird
4021,Bird
4022,Airplane
4023,Airplane
4024,Airplane
4025,Bird
4026,Airplane
4027,Airplane
4028,Airplane
4029,Bird
4030,Airplane
4031,Airplane
4032,Bird
4033,Bird
4034,Airplane
4035,Bird
4036,Bird
4037,Airplane
4038,Bird
4039,Airplane
4040,Bird
4041,Bird
4042,Bird
4043,Bird
4044,Airplane
4045,Airplane
4046,Airplane
4047,Bird
4048,Bird
4049,Bird
4050,Airplane
4051,Bird
4052,Airplane
4053,Airplane
4054,Bird
4055,Airplane
4056,Airplane
4057,Airplane
4058,Airplane
4059,Bird
4060,Bird
4061,Airplane
4062,Airplane
4063,Bird
4064,Bird
4065,Airplane
4066,Airplane
4067,Airplane
4068,Bird
4069,Bird
4070,Bird
4071,Airplane
4072,Bird
4073,Bird
4074,Airplane
4075,Bird
4076,Bird
4077,Airplane
4078,Airplane
4079,Bird
4080,Bird
4081,Bird
4082,Bird
4083,Bird
4084,Airplane
4085,Airplane
4086,Bird
4087,Bird
4088,Airplane
4089,Bird
4090,Bird
4091,Airplane
4092,Bird
4093,Bird
4094,Bird
4095,Airplane
4096,Bird
4097,Airplane
4098,Bird
4099,Bird
4100,Airplane
4101,Bird
4102,Airplane
4103,Bird
4104,Bird
4105,Bird
4106,Airplane
4107,Airplane
4108,Airplane
4109,Airplane
4110,Airplane
4111,Bird
4112,Bird
4113,Bird
4114,Airplane
4115,Airplane
4116,Airplane
4117,Airplane
4118,Bird
4119,Bird
4120,Bird
4121,Bird
4122,Bird
4123,Bird
4124,Bird
4125,Airplane
4126,Bird
4127,Airplane
4128,Bird
4129,Bird
4130,Airplane
4131,Airplane
4132,Airplane
4133,Bird
4134,Bird
4135,Bird
4136,Airplane
4137,Bird
4138,Airplane
4139,Bird
4140,Airplane
4141,Airplane
4142,Bird
4143,Bird
4144,Airplane
4145,Bird
4146,Bird
4147,Bird
4148,Bird
4149,Airplane
4150,Airplane
4151,Bird
4152,Airplane
4153,Airplane
4154,Bird
4155,Airplane
4156,Bird
4157,Airplane
4158,Bird
4159,Airplane
4160,Airplane
4161,Airplane
4162,Bird
4163,Airplane
4164,Bird
4165,Airplane
4166,Bird
4167,Bird
4168,Bird
4169,Bird
4170,Bird
4171,Airplane
4172,Airplane
4173,Airplane
4174,Bird
4175,Airplane
4176,Bird
4177,Airplane
4178,Airplane
4179,Bird
4180,Airplane
4181,Bird
4182,Bird
4183,Airplane
4184,Airplane
4185,Airplane
4186,Bird
4187,Airplane
4188,Airplane
4189,Airplane
4190,Bird
4191,Bird
4192,Bird
4193,Airplane
4194,Bird
4195,Bird
4196,Airplane
4197,Bird
4198,Bird
4199,Bird
4200,Airplane
4201,Airplane
4202,Airplane
4203,Airplane
4204,Bird
4205,Airplane
4206,Airplane
4207,Bird
4208,Airplane
4209,Bird
4210,Airplane
4211,Airplane
4212,Bird
4213,Bird
4214,Bird
4215,Airplane
4216,Bird
4217,Airplane
4218,Airplane
4219,Airplane
4220,Bird
4221,Bird
4222,Airplane
4223,Bird
4224,Airplane
4225,Airplane
4226,Airplane
4227,Bird
4228,Bird
4229,Airplane
4230,Airplane
4231,Airplane
4232,Airplane
4233,Airplane
4234,Airplane
4235,Bird
4236,Bird
4237,Bird
4238,Airplane
4239,Bird
4240,Bird
4241,Bird
4242,Bird
4243,Bird
4244,Airplane
4245,Airplane
4246,Bird
4247,Airplane
4248,Bird
4249,Bird
4250,Bird
4251,Bird
4252,Bird
4253,Airplane
4254,Airplane
4255,Bird
4256,Airplane
4257,Bird
4258,Bird
4259,Bird
4260,Bird
4261,Bird
4262,Airplane
4263,Airplane
4264,Airplane
4265,Bird
4266,Bird
4267,Airplane
4268,Bird
4269,Airplane
4270,Airplane
4271,Airplane
4272,Airplane
4273,Bird
4274,Bird
4275,Airplane
4276,Bird
4277,Bird
4278,Airplane
4279,Bird
4280,Bird
4281,Airplane
4282,Bird
4283,Bird
4284,Airplane
4285,Bird
4286,Bird
4287,Airplane
4288,Bird
4289,Bird
4290,Airplane
4291,Bird
4292,Bird
4293,Bird
4294,Airplane
4295,Bird
4296,Bird
4297,Airplane
4298,Airplane
4299,Airplane
4300,Airplane
4301,Bird
4302,Airplane
4303,Airplane
4304,Bird
4305,Airplane
4306,Bird
4307,Bird
4308,Airplane
4309,Airplane
4310,Airplane
4311,Bird
4312,Bird
4313,Bird
4314,Bird
4315,Airplane
4316,Airplane
4317,Airplane
4318,Bird
4319,Airplane
4320,Bird
4321,Airplane
4322,Bird
4323,Bird
4324,Airplane
4325,Airplane
4326,Airplane
4327,Bird
4328,Bird
4329,Bird
4330,Bird
4331,Airplane
4332,Airplane
4333,Bird
4334,Bird
4335,Airplane
4336,Bird
4337,Bird
4338,Airplane
4339,Bird
4340,Bird
4341,Airplane
4342,Bird
4343,Airplane
4344,Bird
4345,Bird
4346,Bird
4347,Bird
4348,Airplane
4349,Airplane
4350,Airplane
4351,Airplane
4352,Airplane
4353,Bird
4354,Bird
4355,Airplane
4356,Airplane
4357,Bird
4358,Bird
4359,Bird
4360,Bird
4361,Bird
4362,Airplane
4363,Airplane
4364,Bird
4365,Bird
4366,Bird
4367,Bird
4368,Airplane
4369,Airplane
4370,Airplane
4371,Airplane
4372,Airplane
4373,Airplane
4374,Airplane
4375,Bird
4376,Airplane
4377,Airplane
4378,Bird
4379,Bird
4380,Airplane
4381,Airplane
4382,Bird
4383,Bird
4384,Bird
4385,Airplane
4386,Bird
4387,Airplane
4388,Airplane
4389,Airplane
4390,Airplane
4391,Bird
4392,Airplane
4393,Airplane
4394,Airplane
4395,Airplane
4396,Bird
4397,Airplane
4398,Bird
4399,Bird
4400,Airplane
4401,Airplane
4402,Bird
4403,Bird
4404,Airplane
4405,Bird
4406,Airplane
4407,Airplane
4408,Airplane
4409,Bird
4410,Bird
4411,Bird
4412,Airplane
4413,Bird
4414,Bird
4415,Bird
4416,Bird
4417,Airplane
4418,Airplane
4419,Bird
4420,Airplane
4421,Bird
4422,Airplane
4423,Airplane
4424,Bird
4425,Bird
4426,Airplane
4427,Airplane
4428,Airplane
4429,Airplane
4430,Airplane
4431,Bird
4432,Airplane
4433,Airplane
4434,Bird
4435,Bird
4436,Airplane
4437,Airplane
4438,Bird
4439,Bird
4440,Airplane
4441,Airplane
4442,Airplane
4443,Airplane
4444,Airplane
4445,Bird
4446,Bird
4447,Airplane
4448,Airplane
4449,Airplane
4450,Bird
4451,Bird
4452,Bird
4453,Airplane
4454,Bird
4455,Bird
4456,Bird
4457,Airplane
4458,Airplane
4459,Bird
4460,Airplane
4461,Bird
4462,Bird
4463,Bird
4464,Bird
4465,Airplane
4466,Bird
4467,Bird
4468,Airplane
4469,Airplane
4470,Bird
4471,Bird
4472,Airplane
4473,Airplane
4474,Airplane
4475,Bird
4476,Bird
4477,Airplane
4478,Bird
4479,Bird
4480,Bird
4481,Bird
4482,Bird
4483,Bird
4484,Airplane
4485,Airplane
4486,Bird
4487,Bird
4488,Airplane
4489,Airplane
4490,Bird
4491,Bird
4492,Bird
4493,Bird
4494,Bird
4495,Bird
4496,Airplane
4497,Airplane
4498,Bird
4499,Bird
4500,Airplane
4501,Bird
4502,Airplane
4503,Bird
4504,Airplane
4505,Airplane
4506,Airplane
4507,Bird
4508,Airplane
4509,Bird
4510,Airplane
4511,Airplane
4512,Airplane
4513,Airplane
4514,Bird
4515,Airplane
4516,Airplane
4517,Airplane
4518,Airplane
4519,Airplane
4520,Bird
4521,Airplane
4522,Airplane
4523,Bird
4524,Airplane
4525,Airplane
4526,Bird
4527,Bird
4528,Bird
4529,Bird
4530,Airplane
4531,Airplane
4532,Bird
4533,Bird
4534,Airplane
4535,Bird
4536,Airplane
4537,Bird
4538,Bird
4539,Airplane
4540,Bird
4541,Airplane
4542,Airplane
4543,Bird
4544,Bird
4545,Bird
4546,Bird
4547,Airplane
4548,Airplane
4549,Bird
4550,Bird
4551,Bird
4552,Airplane
4553,Bird
4554,Bird
4555,Bird
4556,Bird
4557,Bird
4558,Airplane
4559,Bird
4560,Airplane
4561,Airplane
4562,Bird
4563,Airplane
4564,Bird
4565,Bird
4566,Bird
4567,Airplane
4568,Bird
4569,Bird
4570,Airplane
4571,Bird
4572,Bird
4573,Bird
4574,Bird
4575,Airplane
4576,Airplane
4577,Bird
4578,Airplane
4579,Bird
4580,Bird
4581,Airplane
4582,Bird
4583,Airplane
4584,Bird
4585,Airplane
4586,Bird
4587,Airplane
4588,Bird
4589,Airplane
4590,Bird
4591,Bird
4592,Airplane
4593,Bird
4594,Bird
4595,Bird
4596,Bird
4597,Airplane
4598,Bird
4599,Bird
4600,Bird
4601,Bird
4602,Airplane
4603,Bird
4604,Airplane
4605,Airplane
4606,Bird
4607,Bird
4608,Airplane
4609,Airplane
4610,Airplane
4611,Bird
4612,Bird
4613,Airplane
4614,Airplane
4615,Airplane
4616,Bird
4617,Airplane
4618,Bird
4619,Bird
4620,Airplane
4621,Airplane
4622,Airplane
4623,Airplane
4624,Airplane
4625,Airplane
4626,Bird
4627,Airplane
4628,Bird
4629,Bird
4630,Bird
4631,Bird
4632,Airplane
4633,Bird
4634,Airplane
4635,Airplane
4636,Airplane
4637,Bird
4638,Airplane
4639,Bird
4640,Bird
4641,Bird
4642,Airplane
4643,Airplane
4644,Airplane
4645,Airplane
4646,Airplane
4647,Bird
4648,Bird
4649,Airplane
4650,Airplane
4651,Bird
4652,Airplane
4653,Airplane
4654,Bird
4655,Bird
4656,Bird
4657,Bird
4658,Bird
4659,Bird
4660,Bird
4661,Bird
4662,Airplane
4663,Airplane
4664,Airplane
4665,Airplane
4666,Airplane
4667,Bird
4668,Bird
4669,Airplane
4670,Bird
4671,Airplane
4672,Airplane
4673,Airplane
4674,Bird
4675,Airplane
4676,Airplane
4677,Bird
4678,Airplane
4679,Bird
4680,Airplane
4681,Airplane
4682,Bird
4683,Bird
4684,Bird
4685,Bird
4686,Airplane
4687,Airplane
4688,Bird
4689,Airplane
4690,Airplane
4691,Bird
4692,Bird
4693,Bird
4694,Bird
4695,Airplane
4696,Bird
4697,Bird
4698,Bird
4699,Bird
4700,Airplane
4701,Bird
4702,Bird
4703,Airplane
4704,Airplane
4705,Airplane
4706,Airplane
4707,Airplane
4708,Bird
4709,Airplane
4710,Bird
4711,Airplane
4712,Bird
4713,Bird
4714,Bird
4715,Airplane
4716,Airplane
4717,Bird
4718,Bird
4719,Airplane
4720,Bird
4721,Bird
4722,Bird
4723,Bird
4724,Bird
4725,Airplane
4726,Bird
4727,Airplane
4728,Airplane
4729,Bird
4730,Airplane
4731,Bird
4732,Bird
4733,Airplane
4734,Airplane
4735,Airplane
4736,Bird
4737,Airplane
4738,Airplane
4739,Airplane
4740,Bird
4741,Airplane
4742,Airplane
4743,Bird
4744,Bird
4745,Airplane
4746,Bird
4747,Bird
4748,Bird
4749,Bird
4750,Airplane
4751,Airplane
4752,Airplane
4753,Bird
4754,Bird
4755,Airplane
4756,Airplane
4757,Airplane
4758,Airplane
4759,Airplane
4760,Airplane
4761,Bird
4762,Bird
4763,Airplane
4764,Airplane
4765,Bird
4766,Bird
4767,Bird
4768,Bird
4769,Bird
4770,Bird
4771,Airplane
4772,Airplane
4773,Bird
4774,Airplane
4775,Bird
4776,Bird
4777,Bird
4778,Airplane
4779,Airplane
4780,Airplane
4781,Airplane
4782,Bird
4783,Airplane
4784,Airplane
4785,Bird
4786,Bird
4787,Bird
4788,Bird
4789,Airplane
4790,Airplane
4791,Bird
4792,Airplane
4793,Bird
4794,Bird
4795,Airplane
4796,Bird
4797,Bird
4798,Airplane
4799,Airplane
